a,b,sim,mode,p1_final_edges,p2_final_edges,edge_jaccard,gap,ab_after_sim_ratio,sim_after_ab_ratio
2,2,0.1,sim_left,1158,1158,1.0,0.0,1.0,1.0
2,2,0.1,both,1158,1158,1.0,0.0,1.0,1.0
2,2,0.11,sim_left,1158,1158,1.0,0.0,1.0,1.0
2,2,0.11,both,1158,1158,1.0,0.0,1.0,1.0
2,2,0.12,sim_left,1153,1153,1.0,0.0,1.0,0.9956822107081175
2,2,0.12,both,1153,1153,1.0,0.0,1.0,0.9956822107081175
2,2,0.13,sim_left,1125,1125,1.0,0.0,1.0,0.9715025906735751
2,2,0.13,both,1125,1125,1.0,0.0,1.0,0.9715025906735751
2,2,0.14,sim_left,1007,1007,1.0,0.0,1.0,0.8696027633851469
2,2,0.14,both,989,989,1.0,0.0,1.0,0.8540587219343696
2,2,0.15,sim_left,915,912,0.9967213114754099,0.003278688524590164,0.9967213114754099,0.7901554404145078
2,2,0.15,both,871,868,0.9965556831228473,0.003444316877152698,0.9965556831228473,0.7521588946459413
2,2,0.16,sim_left,648,626,0.9660493827160493,0.033950617283950615,0.9660493827160493,0.5595854922279793
2,2,0.16,both,578,555,0.9602076124567474,0.039792387543252594,0.9602076124567474,0.4991364421416235
2,2,0.17,sim_left,523,493,0.9426386233269598,0.05736137667304015,0.9426386233269598,0.45164075993091535
2,2,0.17,both,424,401,0.9457547169811321,0.054245283018867926,0.9457547169811321,0.36614853195164077
2,2,0.18,sim_left,494,458,0.9271255060728745,0.0728744939271255,0.9271255060728745,0.4265975820379965
2,2,0.18,both,400,372,0.93,0.07,0.93,0.3454231433506045
2,2,0.19,sim_left,351,309,0.8803418803418803,0.11965811965811966,0.8803418803418803,0.30310880829015546
2,2,0.19,both,223,190,0.852017937219731,0.14798206278026907,0.852017937219731,0.192573402417962
2,2,0.2,sim_left,326,284,0.8711656441717791,0.12883435582822086,0.8711656441717791,0.2815198618307427
2,2,0.2,both,210,177,0.8428571428571429,0.15714285714285714,0.8428571428571429,0.18134715025906736
2,2,0.21,sim_left,205,162,0.7902439024390244,0.2097560975609756,0.7902439024390244,0.1770293609671848
2,2,0.21,both,89,68,0.7640449438202247,0.23595505617977527,0.7640449438202247,0.0768566493955095
2,2,0.22,sim_left,154,107,0.6948051948051948,0.3051948051948052,0.6948051948051948,0.13298791018998274
2,2,0.22,both,67,42,0.6268656716417911,0.373134328358209,0.6268656716417911,0.05785837651122625
2,2,0.23,sim_left,112,75,0.6696428571428571,0.33035714285714285,0.6696428571428571,0.09671848013816926
2,2,0.23,both,33,14,0.42424242424242425,0.5757575757575758,0.42424242424242425,0.02849740932642487
2,2,0.24,sim_left,39,19,0.48717948717948717,0.5128205128205128,0.48717948717948717,0.03367875647668394
2,2,0.24,both,14,8,0.5714285714285714,0.42857142857142855,0.5714285714285714,0.012089810017271158
2,2,0.25,sim_left,39,19,0.48717948717948717,0.5128205128205128,0.48717948717948717,0.03367875647668394
2,2,0.25,both,14,8,0.5714285714285714,0.42857142857142855,0.5714285714285714,0.012089810017271158
2,2,0.26,sim_left,19,8,0.42105263157894735,0.5789473684210527,0.42105263157894735,0.016407599309153715
2,2,0.26,both,4,4,1.0,0.0,1.0,0.0034542314335060447
2,2,0.27,sim_left,0,0,1.0,0.0,0.0,0.0
2,2,0.27,both,0,0,1.0,0.0,0.0,0.0
2,2,0.28,sim_left,0,0,1.0,0.0,0.0,0.0
2,2,0.28,both,0,0,1.0,0.0,0.0,0.0
2,2,0.29,sim_left,0,0,1.0,0.0,0.0,0.0
2,2,0.29,both,0,0,1.0,0.0,0.0,0.0
2,2,0.3,sim_left,0,0,1.0,0.0,0.0,0.0
2,2,0.3,both,0,0,1.0,0.0,0.0,0.0
2,3,0.1,sim_left,1146,1146,1.0,0.0,0.9896373056994818,1.0
2,3,0.1,both,1146,1146,1.0,0.0,0.9896373056994818,1.0
2,3,0.11,sim_left,1146,1146,1.0,0.0,0.9896373056994818,1.0
2,3,0.11,both,1146,1146,1.0,0.0,0.9896373056994818,1.0
2,3,0.12,sim_left,1141,1141,1.0,0.0,0.98959236773634,0.9956369982547993
2,3,0.12,both,1141,1141,1.0,0.0,0.98959236773634,0.9956369982547993
2,3,0.13,sim_left,1122,1111,0.9901960784313726,0.00980392156862745,0.9875555555555555,0.9790575916230366
2,3,0.13,both,1112,1111,0.9812834224598931,0.0008992805755395684,0.9875555555555555,0.9703315881326352
2,3,0.14,sim_left,995,977,0.9819095477386934,0.018090452261306532,0.9702085402184707,0.868237347294939
2,3,0.14,both,967,959,0.9713408393039918,0.008273009307135471,0.9696663296258847,0.8438045375218151
2,3,0.15,sim_left,919,868,0.9445048966267682,0.055495103373231776,0.9486338797814208,0.8019197207678883
2,3,0.15,both,867,824,0.9325714285714286,0.049596309111880045,0.9460390355912744,0.756544502617801
2,3,0.16,sim_left,695,552,0.7942446043165468,0.20575539568345325,0.8518518518518519,0.606457242582897
2,3,0.16,both,610,490,0.7915309446254072,0.19672131147540983,0.8477508650519031,0.5322862129144852
2,3,0.17,sim_left,554,418,0.7545126353790613,0.24548736462093862,0.7992351816443595,0.48342059336823734
2,3,0.17,both,443,334,0.738255033557047,0.24604966139954854,0.7877358490566038,0.3865619546247818
2,3,0.18,sim_left,503,389,0.7733598409542743,0.22664015904572565,0.7874493927125507,0.4389179755671902
2,3,0.18,both,402,310,0.7536945812807881,0.22885572139303484,0.775,0.3507853403141361
2,3,0.19,sim_left,347,233,0.6714697406340058,0.3285302593659942,0.6638176638176638,0.30279232111692844
2,3,0.19,both,215,111,0.4885844748858447,0.48372093023255813,0.4977578475336323,0.18760907504363003
2,3,0.2,sim_left,322,214,0.6645962732919255,0.33540372670807456,0.656441717791411,0.28097731239092494
2,3,0.2,both,203,109,0.5145631067961165,0.4630541871921182,0.5190476190476191,0.17713787085514834
2,3,0.21,sim_left,231,93,0.4025974025974026,0.5974025974025974,0.45365853658536587,0.20157068062827224
2,3,0.21,both,102,28,0.27450980392156865,0.7254901960784313,0.3146067415730337,0.08900523560209424
2,3,0.22,sim_left,163,63,0.38650306748466257,0.6134969325153374,0.4090909090909091,0.14223385689354276
2,3,0.22,both,72,28,0.3888888888888889,0.6111111111111112,0.417910447761194,0.06282722513089005
2,3,0.23,sim_left,121,27,0.2231404958677686,0.7768595041322314,0.24107142857142858,0.1055846422338569
2,3,0.23,both,38,0,0.0,1.0,0.0,0.03315881326352531
2,3,0.24,sim_left,64,0,0.0,1.0,0.0,0.055846422338568937
2,3,0.24,both,26,0,0.0,1.0,0.0,0.02268760907504363
2,3,0.25,sim_left,64,0,0.0,1.0,0.0,0.055846422338568937
2,3,0.25,both,26,0,0.0,1.0,0.0,0.02268760907504363
2,3,0.26,sim_left,19,0,0.0,1.0,0.0,0.016579406631762654
2,3,0.26,both,4,0,0.0,1.0,0.0,0.0034904013961605585
2,3,0.27,sim_left,0,0,1.0,0.0,0.0,0.0
2,3,0.27,both,0,0,1.0,0.0,0.0,0.0
2,3,0.28,sim_left,0,0,1.0,0.0,0.0,0.0
2,3,0.28,both,0,0,1.0,0.0,0.0,0.0
2,3,0.29,sim_left,0,0,1.0,0.0,0.0,0.0
2,3,0.29,both,0,0,1.0,0.0,0.0,0.0
2,3,0.3,sim_left,0,0,1.0,0.0,0.0,0.0
2,3,0.3,both,0,0,1.0,0.0,0.0,0.0
3,3,0.1,sim_left,1142,1142,1.0,0.0,0.9861830742659758,1.0
3,3,0.1,both,1142,1142,1.0,0.0,0.9861830742659758,1.0
3,3,0.11,sim_left,1142,1142,1.0,0.0,0.9861830742659758,1.0
3,3,0.11,both,1142,1142,1.0,0.0,0.9861830742659758,1.0
3,3,0.12,sim_left,1137,1137,1.0,0.0,0.9861231569817867,0.9956217162872154
3,3,0.12,both,1137,1137,1.0,0.0,0.9861231569817867,0.9956217162872154
3,3,0.13,sim_left,1118,1107,0.9901610017889088,0.009838998211091235,0.984,0.978984238178634
3,3,0.13,both,1108,1107,0.981216457960644,0.0009025270758122744,0.984,0.9702276707530648
3,3,0.14,sim_left,991,973,0.9818365287588294,0.018163471241170535,0.9662363455809335,0.8677758318739054
3,3,0.14,both,963,955,0.9712230215827338,0.008307372793354102,0.9656218402426694,0.8432574430823118
3,3,0.15,sim_left,915,864,0.9442622950819672,0.05573770491803279,0.9442622950819672,0.8012259194395797
3,3,0.15,both,863,820,0.9322617680826636,0.04982618771726535,0.9414466130884042,0.7556917688266199
3,3,0.16,sim_left,691,546,0.7901591895803184,0.2098408104196816,0.8425925925925926,0.6050788091068301
3,3,0.16,both,615,478,0.7657512116316639,0.22276422764227644,0.8269896193771626,0.5385288966725044
3,3,0.17,sim_left,550,408,0.7418181818181818,0.2581818181818182,0.780114722753346,0.4816112084063047
3,3,0.17,both,440,316,0.7027027027027027,0.2818181818181818,0.7452830188679245,0.38528896672504376
3,3,0.18,sim_left,489,377,0.7459677419354839,0.22903885480572597,0.7631578947368421,0.42819614711033277
3,3,0.18,both,390,294,0.71,0.24615384615384617,0.735,0.3415061295971979
3,3,0.19,sim_left,333,215,0.616519174041298,0.35435435435435436,0.6125356125356125,0.29159369527145357
3,3,0.19,both,214,0,0.0,1.0,0.0,0.18739054290718038
3,3,0.2,sim_left,308,192,0.5923566878980892,0.37662337662337664,0.588957055214724,0.26970227670753066
3,3,0.2,both,202,0,0.0,1.0,0.0,0.17688266199649738
3,3,0.21,sim_left,212,0,0.0,1.0,0.0,0.18563922942206654
3,3,0.21,both,90,0,0.0,1.0,0.0,0.07880910683012259
3,3,0.22,sim_left,144,0,0.0,1.0,0.0,0.12609457092819615
3,3,0.22,both,60,0,0.0,1.0,0.0,0.05253940455341506
3,3,0.23,sim_left,111,0,0.0,1.0,0.0,0.09719789842381786
3,3,0.23,both,32,0,0.0,1.0,0.0,0.028021015761821366
3,3,0.24,sim_left,54,0,0.0,1.0,0.0,0.047285464098073555
3,3,0.24,both,20,0,0.0,1.0,0.0,0.017513134851138354
3,3,0.25,sim_left,54,0,0.0,1.0,0.0,0.047285464098073555
3,3,0.25,both,20,0,0.0,1.0,0.0,0.017513134851138354
3,3,0.26,sim_left,19,0,0.0,1.0,0.0,0.016637478108581436
3,3,0.26,both,4,0,0.0,1.0,0.0,0.0035026269702276708
3,3,0.27,sim_left,0,0,1.0,0.0,0.0,0.0
3,3,0.27,both,0,0,1.0,0.0,0.0,0.0
3,3,0.28,sim_left,0,0,1.0,0.0,0.0,0.0
3,3,0.28,both,0,0,1.0,0.0,0.0,0.0
3,3,0.29,sim_left,0,0,1.0,0.0,0.0,0.0
3,3,0.29,both,0,0,1.0,0.0,0.0,0.0
3,3,0.3,sim_left,0,0,1.0,0.0,0.0,0.0
3,3,0.3,both,0,0,1.0,0.0,0.0,0.0
2,4,0.1,sim_left,1101,1101,1.0,0.0,0.9507772020725389,1.0
2,4,0.1,both,1101,1101,1.0,0.0,0.9507772020725389,1.0
2,4,0.11,sim_left,1101,1101,1.0,0.0,0.9507772020725389,1.0
2,4,0.11,both,1101,1101,1.0,0.0,0.9507772020725389,1.0
2,4,0.12,sim_left,1091,1096,0.9954379562043796,-0.004562043795620438,0.9505637467476149,0.9909173478655767
2,4,0.12,both,1085,1096,0.989963503649635,-0.010036496350364963,0.9505637467476149,0.9854677565849228
2,4,0.13,sim_left,1082,1060,0.9705611775528978,0.02033271719038817,0.9422222222222222,0.9827429609445958
2,4,0.13,both,1057,1060,0.9475620975160993,-0.002830188679245283,0.9422222222222222,0.9600363306085377
2,4,0.14,sim_left,1005,905,0.8948412698412699,0.09950248756218906,0.8987090367428004,0.9128065395095368
2,4,0.14,both,964,887,0.8696969696969697,0.07987551867219916,0.8968655207280081,0.8755676657584015
2,4,0.15,sim_left,918,796,0.8489751887810141,0.1328976034858388,0.8699453551912568,0.8337874659400545
2,4,0.15,both,855,755,0.8463302752293578,0.11695906432748537,0.8668197474167624,0.776566757493188
2,4,0.16,sim_left,807,462,0.558968058968059,0.4275092936802974,0.7129629629629629,0.7329700272479565
2,4,0.16,both,686,401,0.5353107344632768,0.41545189504373176,0.6937716262975778,0.623069936421435
2,4,0.17,sim_left,625,303,0.4848,0.5152,0.5793499043977055,0.5676657584014533
2,4,0.17,both,475,220,0.4154786150712831,0.5368421052631579,0.5188679245283019,0.43142597638510444
2,4,0.18,sim_left,543,274,0.5046040515653776,0.4953959484346225,0.5546558704453441,0.49318801089918257
2,4,0.18,both,413,183,0.38927738927738925,0.5569007263922519,0.4575,0.3751135331516803
2,4,0.19,sim_left,419,111,0.2589073634204275,0.7350835322195705,0.3162393162393162,0.38056312443233425
2,4,0.19,both,229,16,0.03375527426160337,0.9301310043668122,0.07174887892376682,0.20799273387829245
2,4,0.2,sim_left,394,57,0.1388888888888889,0.8553299492385786,0.17484662576687116,0.3578564940962761
2,4,0.2,both,217,16,0.035555555555555556,0.9262672811059908,0.0761904761904762,0.19709355131698456
2,4,0.21,sim_left,232,20,0.08620689655172414,0.9137931034482759,0.0975609756097561,0.21071752951861944
2,4,0.21,both,91,0,0.0,1.0,0.0,0.08265213442325159
2,4,0.22,sim_left,215,0,0.0,1.0,0.0,0.1952770208900999
2,4,0.22,both,80,0,0.0,1.0,0.0,0.07266121707538602
2,4,0.23,sim_left,162,0,0.0,1.0,0.0,0.14713896457765668
2,4,0.23,both,41,0,0.0,1.0,0.0,0.03723887375113533
2,4,0.24,sim_left,73,0,0.0,1.0,0.0,0.06630336058128973
2,4,0.24,both,27,0,0.0,1.0,0.0,0.02452316076294278
2,4,0.25,sim_left,73,0,0.0,1.0,0.0,0.06630336058128973
2,4,0.25,both,27,0,0.0,1.0,0.0,0.02452316076294278
2,4,0.26,sim_left,28,0,0.0,1.0,0.0,0.025431425976385105
2,4,0.26,both,7,0,0.0,1.0,0.0,0.006357856494096276
2,4,0.27,sim_left,9,0,0.0,1.0,0.0,0.008174386920980926
2,4,0.27,both,3,0,0.0,1.0,0.0,0.0027247956403269754
2,4,0.28,sim_left,9,0,0.0,1.0,0.0,0.008174386920980926
2,4,0.28,both,3,0,0.0,1.0,0.0,0.0027247956403269754
2,4,0.29,sim_left,0,0,1.0,0.0,0.0,0.0
2,4,0.29,both,0,0,1.0,0.0,0.0,0.0
2,4,0.3,sim_left,0,0,1.0,0.0,0.0,0.0
2,4,0.3,both,0,0,1.0,0.0,0.0,0.0
4,2,0.1,sim_left,1151,1151,1.0,0.0,0.9939550949913645,1.0
4,2,0.1,both,1151,1151,1.0,0.0,0.9939550949913645,1.0
4,2,0.11,sim_left,1151,1151,1.0,0.0,0.9939550949913645,1.0
4,2,0.11,both,1151,1151,1.0,0.0,0.9939550949913645,1.0
4,2,0.12,sim_left,1146,1146,1.0,0.0,0.9939288811795317,0.9956559513466551
4,2,0.12,both,1146,1146,1.0,0.0,0.9939288811795317,0.9956559513466551
4,2,0.13,sim_left,1118,1118,1.0,0.0,0.9937777777777778,0.9713292788879235
4,2,0.13,both,1118,1118,1.0,0.0,0.9937777777777778,0.9713292788879235
4,2,0.14,sim_left,1000,1000,1.0,0.0,0.9930486593843099,0.8688097306689835
4,2,0.14,both,982,979,0.9969450101832994,0.003054989816700611,0.9898887765419616,0.8531711555169418
4,2,0.15,sim_left,908,905,0.9966960352422908,0.003303964757709251,0.9890710382513661,0.788879235447437
4,2,0.15,both,859,855,0.9837962962962963,0.004656577415599534,0.981630309988519,0.7463075586446568
4,2,0.16,sim_left,631,615,0.9438377535101404,0.025356576862123614,0.9490740740740741,0.5482189400521286
4,2,0.16,both,569,534,0.9083044982698962,0.061511423550087874,0.9238754325259516,0.4943527367506516
4,2,0.17,sim_left,506,473,0.9009708737864077,0.06521739130434782,0.904397705544933,0.43961772371850566
4,2,0.17,both,410,365,0.8585131894484412,0.10975609756097561,0.8608490566037735,0.35621198957428324
4,2,0.18,sim_left,477,435,0.8765432098765432,0.0880503144654088,0.8805668016194332,0.4144222415291051
4,2,0.18,both,386,330,0.821882951653944,0.14507772020725387,0.825,0.3353605560382276
4,2,0.19,sim_left,337,297,0.8323699421965318,0.11869436201780416,0.8461538461538461,0.29278887923544744
4,2,0.19,both,223,122,0.5131578947368421,0.452914798206278,0.547085201793722,0.19374456993918332
4,2,0.2,sim_left,312,269,0.8099688473520249,0.13782051282051283,0.8251533742331288,0.2710686359687228
4,2,0.2,both,210,102,0.45794392523364486,0.5142857142857142,0.4857142857142857,0.18245004344048654
4,2,0.21,sim_left,186,146,0.6683417085427136,0.21505376344086022,0.7121951219512195,0.16159860990443092
4,2,0.21,both,81,8,0.09876543209876543,0.9012345679012346,0.0898876404494382,0.07037358818418767
4,2,0.22,sim_left,135,85,0.5277777777777778,0.37037037037037035,0.551948051948052,0.11728931364031277
4,2,0.22,both,58,8,0.13793103448275862,0.8620689655172413,0.11940298507462686,0.05039096437880104
4,2,0.23,sim_left,102,65,0.6372549019607843,0.3627450980392157,0.5803571428571429,0.08861859252823631
4,2,0.23,both,27,0,0.0,1.0,0.0,0.023457862728062554
4,2,0.24,sim_left,29,8,0.27586206896551724,0.7241379310344828,0.20512820512820512,0.02519548218940052
4,2,0.24,both,8,0,0.0,1.0,0.0,0.0069504778453518675
4,2,0.25,sim_left,29,8,0.27586206896551724,0.7241379310344828,0.20512820512820512,0.02519548218940052
4,2,0.25,both,8,0,0.0,1.0,0.0,0.0069504778453518675
4,2,0.26,sim_left,19,8,0.42105263157894735,0.5789473684210527,0.42105263157894735,0.016507384882710686
4,2,0.26,both,4,0,0.0,1.0,0.0,0.0034752389226759338
4,2,0.27,sim_left,0,0,1.0,0.0,0.0,0.0
4,2,0.27,both,0,0,1.0,0.0,0.0,0.0
4,2,0.28,sim_left,0,0,1.0,0.0,0.0,0.0
4,2,0.28,both,0,0,1.0,0.0,0.0,0.0
4,2,0.29,sim_left,0,0,1.0,0.0,0.0,0.0
4,2,0.29,both,0,0,1.0,0.0,0.0,0.0
4,2,0.3,sim_left,0,0,1.0,0.0,0.0,0.0
4,2,0.3,both,0,0,1.0,0.0,0.0,0.0
